{
    "data": {
        "nodes": {
            "6": {
                "count": 1,
                "distance": 0,
                "parent": 102,
                "objects": [
                    "6"
                ],
                "features": [
                    -0.7590829,
                    -0.91884565,
                    -0.29894662,
                    -0.45851338,
                    -0.41779864,
                    0.90813243
                ]
            },
            "10": {
                "count": 1,
                "distance": 0,
                "parent": 104,
                "objects": [
                    "10"
                ],
                "features": [
                    0.4540261,
                    0.059701733,
                    0.20827064,
                    0.17016973,
                    0.9991376,
                    0.9059316
                ]
            },
            "17": {
                "count": 1,
                "distance": 0,
                "parent": 101,
                "objects": [
                    "17"
                ],
                "features": [
                    -0.12773228,
                    -0.7452199,
                    -0.22150128,
                    0.6477806,
                    -0.44337976,
                    0.19735748
                ]
            },
            "19": {
                "count": 1,
                "distance": 0,
                "parent": 96,
                "objects": [
                    "19"
                ],
                "features": [
                    -0.5523648,
                    0.08699533,
                    0.13142091,
                    0.48269272,
                    0.7193067,
                    0.82444763
                ]
            },
            "33": {
                "count": 1,
                "distance": 0,
                "parent": 106,
                "objects": [
                    "33"
                ],
                "features": [
                    0.42587933,
                    0.122699216,
                    -0.720787,
                    0.42198437,
                    -0.14288369,
                    0.001685826
                ]
            },
            "38": {
                "count": 1,
                "distance": 0,
                "parent": 100,
                "objects": [
                    "38"
                ],
                "features": [
                    -0.40068173,
                    -0.9644351,
                    0.13570198,
                    0.40335006,
                    0.10954439,
                    0.6608221
                ]
            },
            "44": {
                "count": 1,
                "distance": 0,
                "parent": 97,
                "objects": [
                    "44"
                ],
                "features": [
                    0.24474199,
                    -0.6856596,
                    0.26571053,
                    0.59778965,
                    0.21810114,
                    1.12193
                ]
            },
            "46": {
                "count": 1,
                "distance": 0,
                "parent": 105,
                "objects": [
                    "46"
                ],
                "features": [
                    0.24047528,
                    -1.1330533,
                    -0.21192011,
                    0.5961955,
                    0.025301982,
                    1.4177902
                ]
            },
            "50": {
                "count": 1,
                "distance": 0,
                "parent": 102,
                "objects": [
                    "50"
                ],
                "features": [
                    -0.7516192,
                    -0.9672032,
                    -0.73754144,
                    -0.36414647,
                    0.028937522,
                    1.0847538
                ]
            },
            "52": {
                "count": 1,
                "distance": 0,
                "parent": 98,
                "objects": [
                    "52"
                ],
                "features": [
                    0.16617624,
                    -0.4494828,
                    -0.31881472,
                    -0.1396069,
                    0.2591449,
                    0.53145623
                ]
            },
            "62": {
                "count": 1,
                "distance": 0,
                "parent": 93,
                "objects": [
                    "2",
                    "48"
                ],
                "features": [
                    -0.148,
                    -1.021,
                    -0.036,
                    -0.297,
                    -0.141,
                    1.194
                ]
            },
            "83": {
                "count": 1,
                "distance": 0,
                "parent": 93,
                "objects": [
                    "7",
                    "43"
                ],
                "features": [
                    0.043,
                    -0.893,
                    -0.136,
                    -0.146,
                    -0.304,
                    0.547
                ]
            },
            "85": {
                "count": 1,
                "distance": 0,
                "parent": 99,
                "objects": [
                    "25",
                    "31"
                ],
                "features": [
                    0.415,
                    0.171,
                    0.206,
                    0.01,
                    -0.308,
                    -0.327
                ]
            },
            "91": {
                "count": 1,
                "distance": 0,
                "parent": 95,
                "objects": [
                    "5",
                    "8",
                    "16",
                    "18",
                    "20",
                    "26",
                    "27",
                    "28",
                    "30",
                    "32",
                    "35",
                    "39",
                    "42",
                    "45",
                    "47",
                    "49",
                    "53"
                ],
                "features": [
                    -0.124,
                    -0.37,
                    -0.37,
                    0.437,
                    0.489,
                    0.759
                ]
            },
            "92": {
                "count": 1,
                "distance": 0,
                "parent": 94,
                "objects": [
                    "0",
                    "1",
                    "3",
                    "4",
                    "9",
                    "11",
                    "12",
                    "13",
                    "14",
                    "15",
                    "21",
                    "22",
                    "23",
                    "24",
                    "29",
                    "34",
                    "36",
                    "37",
                    "40",
                    "41",
                    "51"
                ],
                "features": [
                    -0.116,
                    -0.521,
                    -0.081,
                    0.106,
                    0.031,
                    0.15
                ]
            },
            "93": {
                "count": 2,
                "distance": 0.531,
                "left_child": 62,
                "right_child": 83,
                "parent": 94
            },
            "94": {
                "count": 3,
                "distance": 0.534,
                "left_child": 92,
                "right_child": 93,
                "parent": 95
            },
            "95": {
                "count": 4,
                "distance": 0.539,
                "left_child": 91,
                "right_child": 94,